title,price,link
DJI Mini 2 Combo Drone,529.00,https://www.jessops.com//p/DJI/Mini-2-Combo-Drone-191340
DJI Air 2S Fly More Combo,1049.00,https://www.jessops.com//p/DJI/Air-2S-Fly-More-Combo-194906
DJI FPV Combo,999.00,https://www.jessops.com//p/DJI/FPV-Combo-193017
DJI Mavic 3 Fly More Combo,2549.00,https://www.jessops.com//p/DJI/Mavic-3-Fly-More-Combo-197683
DJI Mini 2 Drone,419.00,https://www.jessops.com//p/DJI/Mini-2-Drone-191936
DJI Mavic 3 Drone,1879.00,https://www.jessops.com//p/DJI/Mavic-3-Drone-197684
DJI Mavic 3 Cine Premium Combo,4279.00,https://www.jessops.com//p/DJI/Mavic-3-Cine-Premium-Combo-197682
DJI Mavic Air 2 Fly More Combo Drone,939.00,https://www.jessops.com//p/DJI/Mavic-Air-2-Fly-More-Combo-Drone-188814
DJI Air 2S Fly More Combo with Smart Controller,1559.00,https://www.jessops.com//p/DJI/Air-2S-Fly-More-Combo-with-Smart-Controller-196366
DJI Air 2S Drone,879.00,https://www.jessops.com//p/DJI/Air-2S-Drone-194905
DJI Mavic Air 2 Drone,749.00,https://www.jessops.com//p/DJI/Mavic-Air-2-Drone-188813
